1.0,0.0,0.0,0.0,0.0,0.0,0.0,0.0,0.0,0.0,0.0,0.0,0.0,0.0,0.0,0.0,0.0,0.0,0.0,0.0,0.0,0.0,0.0,0.0,0.0,0.0,0.0,0.0,0.0,0.0,0.0,0.0,0.0,0.0,0.0,0.0,0.0,0.0,0.0,0.0,0.0,0.0,0.0,0.0,0.0,0.0,0.0,0.0,0.0,0.0,0.0,0.0,0.0,0.0,0.0,0.0,0.0,0.0,0.0,0.0,0.0,0.0,0.0,0.0,0.0,0.0,0.0,0.0,0.0,0.0,0.0,0.0,0.0,0.0,0.0,0.0,0.0,0.0,0.0,0.0,0.0,0.0,0.0,0.0,0.0,0.0,0.0,0.0,0.0
0.0,1.0,0.0,0.0,0.0,0.0,0.0,0.0,0.0,0.0,0.0,0.0,0.0,0.0,0.0,0.0,0.0,0.0,0.0,0.0,0.0,0.0,0.0,0.0,0.0,0.0,0.0,0.0,0.0,0.0,0.0,0.0,0.0,0.0,0.0,0.0,0.0,0.0,0.0,0.0,0.0,0.0,0.0,0.0,0.0,0.0,0.0,0.0,0.0,0.0,0.0,0.0,0.0,0.0,0.0,0.0,0.0,0.0,0.0,0.0,0.0,0.0,0.0,0.0,0.0,0.0,0.0,0.0,0.0,0.0,0.0,0.0,0.0,0.0,0.0,0.0,0.0,0.0,0.0,0.0,0.0,0.0,0.0,0.0,0.0,0.0,0.0,0.0,0.0
0.0,0.0,1.0,0.0,0.70001,0.0,0.16667,0.08696,0.0,0.12927,0.23529,0.125,0.0,0.14412,0.0,0.47698,0.0,0.0,0.20643,0.16158,0.0,0.09725,0.0,0.06776,0.11109,0.15394,0.12514,0.0,0.19043,0.14096,0.0,0.0,0.18225,0.0,0.13333,0.0,0.0,0.0,0.0,0.0,0.16715,0.0,0.0,0.09941,0.0,0.0,0.0,0.21053,0.0,0.0,0.0,0.0,0.20643,0.13911,0.0,0.0,0.0,0.20643,0.0,0.20643,0.0,0.0,0.0,0.06776,0.0,0.12519,0.0,0.0,0.0,0.0,0.0,0.0,0.11457,0.0,0.0,0.0,0.0,0.0,0.15436,0.0,0.11789,0.0,0.0,0.0,0.12354,0.0,0.0,0.0,0.0
0.0,0.0,0.0,1.0,0.0,0.0,0.0,0.0,0.0,0.0,0.0,0.0,0.0,0.0,0.0,0.0,0.0,0.0,0.0,0.0,0.0,0.0,0.0,0.0,0.0,0.0,0.0,0.0,0.0,0.0,0.0,0.0,0.0,0.0,0.0,0.0,0.0,0.0,0.0,0.0,0.0,0.0,0.0,0.0,0.0,0.0,0.0,0.0,0.0,0.0,0.0,0.0,0.0,0.0,0.0,0.0,0.0,0.0,0.0,0.0,0.0,0.0,0.0,0.0,0.0,0.0,0.0,0.0,0.0,0.0,0.0,0.0,0.0,0.0,0.0,0.0,0.0,0.0,0.0,0.0,0.0,0.0,0.0,0.0,0.0,0.0,0.0,0.0,0.0
0.0,0.0,0.70001,0.0,1.0,0.0,0.12281,0.06335,0.0,0.10123,0.15643,0.09859,0.0,0.11012,0.0,0.33857,0.0,0.0,0.14312,0.12003,0.0,0.08048,0.0,0.05251,0.07526,0.11576,0.08145,0.0,0.13524,0.08787,0.0,0.0,0.13107,0.0,0.08485,0.0,0.0,0.0,0.0,0.0,0.12307,0.0,0.0,0.08196,0.0,0.0,0.0,0.14508,0.0,0.0,0.0,0.0,0.14312,0.10717,0.0,0.0,0.0,0.14312,0.0,0.14312,0.0,0.0,0.0,0.05251,0.0,0.09871,0.0,0.0,0.0,0.0,0.0,0.0,0.09199,0.0,0.0,0.0,0.0,0.0,0.11599,0.0,0.07832,0.0,0.0,0.0,0.08078,0.0,0.0,0.0,0.0
0.0,0.0,0.0,0.0,0.0,1.0,0.0,0.0,0.1671,0.0,0.15381,0.0,0.0,0.0,0.4325,0.0,0.0,0.0,0.0,0.0,0.0,0.0,0.0,0.0,0.0,0.0,0.0,0.42098,0.0,0.0,0.0,0.0,0.0,0.0,0.0,0.0,0.0,0.0,0.0,0.0,0.0,0.0,0.0,0.0,0.0,0.0,0.0,0.0,0.0,0.0,0.0,0.0,0.13003,0.0,0.0,0.22212,0.0,0.0,0.0,0.0,0.0,0.0,0.0,0.0,0.0,0.0,0.0,0.0,0.0,0.0,0.0,0.0,0.0,0.0,0.0,0.0,0.0,0.0,0.0,0.0,0.0,0.0,0.0,0.0,0.0,0.0,0.0,0.0,0.0
0.0,0.0,0.16667,0.0,0.12281,0.0,1.0,0.07407,0.0,0.11447,0.19048,0.27778,0.0,0.31492,0.0,0.16022,0.0,0.0,0.17111,0.34777,0.0,0.08863,0.0,0.05968,0.09089,0.1334,0.10009,0.0,0.0,0.10996,0.0,0.0,0.0,0.0,0.10526,0.0,0.0,0.0,0.09105,0.0,0.14321,0.0,0.0,0.22606,0.0,0.0,0.07822,0.43479,0.0,0.1,0.0,0.0,0.17111,0.12212,0.0,0.0,0.0,0.17111,0.07527,0.17111,0.0,0.0,0.0,0.05968,0.0,0.27815,0.0,0.0,0.07528,0.0,0.0,0.0,0.25698,0.0,0.10996,0.0,0.0,0.0,0.3343,0.0,0.0954,0.0,0.0,0.0,0.09907,0.0,0.0,0.0,0.0
0.0,0.0,0.08696,0.0,0.06335,0.0,0.07407,1.0,0.0,0.05892,0.1,0.05714,0.0,0.19509,0.0,0.25036,0.0,0.0,0.26813,0.07206,0.0,0.13596,0.0,0.79965,0.19045,0.069,0.31608,0.0,0.0,0.23271,0.0,0.0,0.0,0.0,0.22222,0.0,0.0,0.0,0.0,0.0,0.07426,0.0,0.0,0.13877,0.0,0.0,0.0,0.09091,0.0,0.0,0.0,0.0,0.08938,0.06298,0.0,0.0,0.0,0.26813,0.0,0.26813,0.0,0.0,0.0,0.79965,0.0,0.17166,0.0,0.0,0.0,0.0,0.0,0.0,0.05275,0.0,0.0,0.0,0.0,0.0,0.06917,0.0,0.30052,0.0,0.0,0.0,0.20846,0.0,0.0,0.0,0.0
0.0,0.0,0.0,0.0,0.0,0.1671,0.0,0.0,1.0,0.0,0.30851,0.0,0.0,0.0,0.07214,0.0,0.0,0.0,0.0,0.0,0.0,0.0,0.0,0.0,0.0,0.0,0.0,0.10545,0.0,0.0,0.0,0.0,0.0,0.0,0.0,0.0,0.0,0.0,0.0,0.0,0.0,0.0,0.0,0.0,0.0,0.0,0.0,0.0,0.0,0.0,0.0,0.0,0.26071,0.0,0.0,0.0,0.0,0.0,0.0,0.0,0.0,0.0,0.0,0.0,0.0,0.0,0.0,0.0,0.0,0.0,0.0,0.0,0.0,0.0,0.0,0.0,0.0,0.0,0.0,0.0,0.0,0.0,0.0,0.0,0.0,0.0,0.0,0.0,0.0
0.0,0.0,0.12927,0.0,0.10123,0.0,0.11447,0.05892,0.0,1.0,0.14315,0.09315,0.0,0.10336,0.23418,0.12536,0.0,0.0,0.13192,0.11205,0.0,0.49927,0.0,0.04943,0.06909,0.32496,0.07428,0.0,0.0,0.07958,0.0,0.0,0.0,0.0,0.07709,0.0,0.0,0.0,0.0,0.0,0.28674,0.0,0.0,0.07816,0.0,0.0,0.0,0.13359,0.0,0.0,0.0,0.0,0.13192,0.30228,0.0,0.0,0.0,0.13192,0.0,0.13192,0.0,0.0,0.0,0.04943,0.0,0.09325,0.0,0.0,0.0,0.0,0.07958,0.0,0.08723,0.0,0.0,0.0,0.0,0.0,0.10853,0.0,0.07166,0.0,0.0,0.0,0.07371,0.0,0.0,0.0,0.0
0.0,0.0,0.23529,0.0,0.15643,0.15381,0.19048,0.1,0.30851,0.14315,1.0,0.13793,0.0,0.16159,0.06955,0.22265,0.0,0.0,0.24424,0.18387,0.0,0.1049,0.0,0.07543,0.1333,0.17403,0.15405,0.1,0.0,0.17875,0.0,0.0,0.0,0.0,0.16667,0.0,0.0,0.0,0.0,0.0,0.19111,0.0,0.0,0.10742,0.0,0.0,0.0,0.25001,0.0,0.0,0.0,0.0,0.85484,0.15531,0.0,0.0,0.0,0.24424,0.0,0.24424,0.0,0.0,0.0,0.07543,0.0,0.13816,0.0,0.0,0.0,0.0,0.0,0.0,0.12534,0.0,0.0,0.0,0.0,0.0,0.17457,0.0,0.14321,0.0,0.0,0.0,0.15164,0.0,0.0,0.0,0.0
0.0,0.0,0.125,0.0,0.09859,0.0,0.27778,0.05714,0.0,0.09315,0.13793,1.0,0.0,0.25155,0.0,0.12134,0.0,0.0,0.12748,0.48973,0.0,0.07528,0.0,0.04818,0.06666,0.10531,0.07147,0.0,0.0,0.07637,0.0,0.0,0.0,0.0,0.07407,0.0,0.0,0.0,0.0,0.0,0.11133,0.0,0.0,0.34459,0.0,0.0,0.05958,0.32259,0.0,0.0,0.0,0.0,0.12748,0.09815,0.0,0.0,0.0,0.12748,0.0,0.12748,0.0,0.0,0.0,0.04818,0.0,0.09101,0.0,0.0,0.23143,0.0,0.0,0.0,0.85264,0.0,0.07637,0.0,0.0,0.0,0.47477,0.0,0.06905,0.0,0.0,0.0,0.07095,0.0,0.0,0.0,0.0
0.0,0.0,0.0,0.0,0.0,0.0,0.0,0.0,0.0,0.0,0.0,0.0,1.0,0.0,0.0,0.0,0.0,0.0,0.0,0.0,0.0,0.0,0.0,0.0,0.0,0.0,0.0,0.0,0.0,0.0,0.0,0.0,0.0,0.0,0.0,0.0,0.0,0.0,0.0,0.0,0.0,0.0,0.0,0.0,0.0,0.0,0.0,0.0,0.0,0.0,0.0,0.0,0.0,0.0,0.0,0.0,0.0,0.0,0.0,0.0,0.0,0.0,0.0,0.0,0.0,0.0,0.0,0.0,0.0,0.0,0.0,0.0,0.0,0.0,0.0,0.0,0.0,0.0,0.0,0.0,0.0,0.0,0.0,0.0,0.0,0.0,0.0,0.0,0.0
0.0,0.0,0.14412,0.0,0.11012,0.0,0.31492,0.19509,0.0,0.10336,0.16159,0.25155,0.0,1.0,0.0,0.41783,0.0,0.0,0.36857,0.30761,0.0,0.24547,0.0,0.16099,0.15529,0.11856,0.42128,0.0,0.0,0.18229,0.0,0.0,0.0,0.0,0.17579,0.0,0.0,0.0,0.0,0.0,0.12624,0.0,0.0,0.3334,0.0,0.0,0.13641,0.67276,0.0,0.0,0.0,0.0,0.14743,0.10956,0.0,0.0,0.0,0.36857,0.0,0.36857,0.0,0.0,0.0,0.16099,0.0,0.30222,0.0,0.0,0.06596,0.0,0.0,0.0,0.23437,0.0,0.18229,0.0,0.0,0.0,0.29702,0.0,0.32363,0.0,0.0,0.0,0.16706,0.0,0.0,0.0,0.0
0.0,0.0,0.0,0.0,0.0,0.4325,0.0,0.0,0.07214,0.23418,0.06955,0.0,0.0,0.0,1.0,0.0,0.0,0.0,0.0,0.0,0.0,0.2647,0.0,0.0,0.0,0.10598,0.0,0.23016,0.0,0.0,0.0,0.0,0.0,0.0,0.0,0.0,0.0,0.0,0.0,0.0,0.05604,0.0,0.0,0.0,0.0,0.0,0.0,0.0,0.0,0.0,0.0,0.0,0.06424,0.09873,0.0,0.11847,0.0,0.0,0.0,0.0,0.0,0.0,0.0,0.0,0.0,0.0,0.0,0.0,0.0,0.0,0.07708,0.0,0.0,0.0,0.0,0.0,0.0,0.0,0.0,0.0,0.0,0.0,0.0,0.0,0.0,0.0,0.0,0.0,0.0
0.0,0.0,0.47698,0.0,0.33857,0.0,0.16022,0.25036,0.0,0.12536,0.22265,0.12134,0.0,0.41783,0.0,1.0,0.0,0.0,0.49158,0.15552,0.0,0.28505,0.0,0.19685,0.21087,0.14843,0.59004,0.0,0.0,0.26396,0.0,0.0,0.0,0.0,0.25054,0.0,0.0,0.0,0.0,0.0,0.16067,0.0,0.0,0.24271,0.0,0.0,0.0,0.20035,0.0,0.0,0.0,0.0,0.19663,0.13459,0.0,0.0,0.0,0.49158,0.0,0.49158,0.0,0.0,0.0,0.19685,0.0,0.36455,0.0,0.0,0.0,0.0,0.0,0.0,0.11149,0.0,0.0,0.0,0.0,0.0,0.14882,0.0,0.44616,0.0,0.0,0.0,0.23318,0.0,0.0,0.0,0.0
0.0,0.0,0.0,0.0,0.0,0.0,0.0,0.0,0.0,0.0,0.0,0.0,0.0,0.0,0.0,0.0,1.0,0.0,0.0,0.0,0.0,0.0,0.0,0.0,0.0,0.0,0.0,0.0,0.0,0.0,0.0,0.0,0.0,0.0,0.0,0.0,0.0,0.0,0.0,0.0,0.0,0.0,0.0,0.0,0.0,0.0,0.0,0.0,0.0,0.0,0.0,0.0,0.0,0.0,0.0,0.0,0.0,0.0,0.0,0.0,0.0,0.0,0.0,0.0,0.0,0.0,0.0,0.0,0.0,0.0,0.0,0.0,0.0,0.0,0.0,0.0,0.0,0.0,0.0,0.0,0.0,0.0,0.0,0.0,0.0,0.0,0.0,0.0,0.0
0.0,0.0,0.0,0.0,0.0,0.0,0.0,0.0,0.0,0.0,0.0,0.0,0.0,0.0,0.0,0.0,0.0,1.0,0.0,0.0,0.0,0.0,0.0,0.0,0.0,0.0,0.0,0.0,0.0,0.0,0.0,0.0,0.0,0.0,0.0,0.0,0.0,0.0,0.0,0.0,0.0,0.0,0.0,0.0,0.0,0.0,0.0,0.0,0.0,0.0,0.0,0.0,0.0,0.0,0.0,0.0,0.0,0.0,0.0,0.0,0.0,0.0,0.0,0.0,0.0,0.0,0.0,0.0,0.0,0.0,0.0,0.0,0.0,0.0,0.0,0.0,0.0,0.0,0.0,0.0,0.0,0.0,0.0,0.0,0.0,0.0,0.0,0.0,0.0
0.0,0.0,0.20643,0.0,0.14312,0.0,0.17111,0.26813,0.0,0.13192,0.24424,0.12748,0.0,0.36857,0.0,0.49158,0.0,0.0,1.0,0.16575,0.0,0.24686,0.0,0.20767,0.23014,0.15772,0.52084,0.0,0.0,0.29486,0.0,0.0,0.0,0.0,0.27822,0.0,0.0,0.0,0.0,0.0,0.17161,0.0,0.0,0.35341,0.0,0.0,0.0,0.21767,0.0,0.0,0.0,0.0,0.21328,0.14219,0.0,0.0,0.0,1.0,0.0,1.0,0.0,0.0,0.0,0.20767,0.0,0.38303,0.0,0.0,0.0,0.0,0.0,0.0,0.11665,0.0,0.0,0.0,0.0,0.0,0.23724,0.0,0.48952,0.0,0.0,0.0,0.25697,0.0,0.0,0.0,0.0
0.0,0.0,0.16158,0.0,0.12003,0.0,0.34777,0.07206,0.0,0.11205,0.18387,0.48973,0.0,0.30761,0.0,0.15552,0.0,0.0,0.16575,1.0,0.0,0.08717,0.0,0.05836,0.08788,0.13013,0.09644,0.0,0.0,0.10558,0.0,0.0,0.0,0.0,0.10124,0.0,0.0,0.0,0.0,0.0,0.13944,0.0,0.0,0.40008,0.0,0.0,0.07598,0.42098,0.0,0.0,0.0,0.0,0.16575,0.11937,0.0,0.0,0.0,0.16575,0.0,0.16575,0.0,0.0,0.0,0.05836,0.0,0.10897,0.0,0.0,0.1464,0.0,0.0,0.0,0.45376,0.0,0.10558,0.0,0.0,0.0,0.58693,0.0,0.09208,0.0,0.0,0.0,0.09549,0.0,0.0,0.0,0.0
0.0,0.0,0.0,0.0,0.0,0.0,0.0,0.0,0.0,0.0,0.0,0.0,0.0,0.0,0.0,0.0,0.0,0.0,0.0,0.0,1.0,0.0,0.0,0.0,0.0,0.0,0.0,0.0,0.0,0.0,0.0,0.0,0.0,0.0,0.0,0.0,0.0,0.0,0.0,0.0,0.0,0.0,0.0,0.0,0.0,0.0,0.0,0.0,0.0,0.0,0.0,0.0,0.0,0.0,0.0,0.0,0.0,0.0,0.0,0.0,0.0,0.0,0.0,0.0,0.0,0.0,0.0,0.0,0.0,0.0,0.0,0.0,0.0,0.0,0.0,0.0,0.0,0.0,0.0,0.0,0.0,0.0,0.0,0.0,0.0,0.0,0.0,0.0,0.0
0.0,0.0,0.09725,0.0,0.08048,0.0,0.08863,0.13596,0.0,0.49927,0.1049,0.07528,0.0,0.24547,0.2647,0.28505,0.0,0.0,0.24686,0.08717,0.0,1.0,0.0,0.11847,0.10221,0.25469,0.26943,0.0,0.0,0.11325,0.0,0.0,0.0,0.0,0.1107,0.0,0.0,0.0,0.0,0.0,0.22191,0.0,0.0,0.16295,0.0,0.0,0.0,0.09967,0.0,0.0,0.0,0.0,0.09874,0.24054,0.0,0.0,0.0,0.24686,0.0,0.24686,0.0,0.0,0.0,0.11847,0.0,0.22606,0.0,0.0,0.0,0.0,0.05662,0.0,0.07137,0.0,0.0,0.0,0.0,0.0,0.08502,0.0,0.20999,0.0,0.0,0.0,0.10718,0.0,0.0,0.0,0.0
0.0,0.0,0.0,0.0,0.0,0.0,0.0,0.0,0.0,0.0,0.0,0.0,0.0,0.0,0.0,0.0,0.0,0.0,0.0,0.0,0.0,0.0,1.0,0.0,0.0,0.0,0.0,0.11636,0.0,0.0,0.0,0.0,0.0,0.0,0.0,0.0,0.0,0.0,0.0,0.0,0.0,0.0,0.0,0.0,0.0,0.0,0.0,0.0,0.0,0.0,0.0,0.0,0.0,0.0,0.0,0.0,0.0,0.0,0.0,0.0,0.0,0.0,0.0,0.0,0.0,0.0,0.0,0.0,0.0,0.0,0.0,0.0,0.0,0.0,0.0,0.0,0.0,0.0,0.0,0.0,0.0,0.0,0.0,0.0,0.0,0.0,0.0,0.0,0.0
0.0,0.0,0.06776,0.0,0.05251,0.0,0.05968,0.79965,0.0,0.04943,0.07543,0.04818,0.0,0.16099,0.0,0.19685,0.0,0.0,0.20767,0.05836,0.0,0.11847,0.0,1.0,0.14536,0.05634,0.23532,0.0,0.0,0.16876,0.0,0.0,0.0,0.0,0.16317,0.0,0.0,0.0,0.0,0.0,0.0598,0.0,0.0,0.1206,0.0,0.0,0.0,0.07014,0.0,0.0,0.0,0.0,0.06922,0.05226,0.0,0.0,0.0,0.20767,0.0,0.20767,0.0,0.0,0.0,1.0,0.0,0.1447,0.0,0.0,0.0,0.0,0.0,0.0,0.04502,0.0,0.0,0.0,0.0,0.0,0.05645,0.0,0.22659,0.0,0.0,0.0,0.15562,0.0,0.0,0.0,0.0
0.0,0.0,0.11109,0.0,0.07526,0.0,0.09089,0.19045,0.0,0.06909,0.1333,0.06666,0.0,0.15529,0.0,0.21087,0.0,0.0,0.23014,0.08788,0.0,0.10221,0.0,0.14536,1.0,0.08338,0.286,0.0,0.0,0.32808,0.0,0.0,0.0,0.0,0.30761,0.0,0.0,0.0,0.0,0.0,0.09118,0.0,0.0,0.1046,0.0,0.0,0.0,0.11763,0.0,0.0,0.0,0.0,0.11507,0.07474,0.0,0.0,0.0,0.23014,0.0,0.23014,0.0,0.0,0.0,0.14536,0.0,0.13353,0.0,0.0,0.0,0.0,0.0,0.0,0.06076,0.0,0.0,0.0,0.0,0.0,0.08362,0.0,0.26722,0.0,0.0,0.0,0.28185,0.0,0.0,0.0,0.0
0.0,0.0,0.15394,0.0,0.11576,0.0,0.1334,0.069,0.0,0.32496,0.17403,0.10531,0.0,0.11856,0.10598,0.14843,0.0,0.0,0.15772,0.13013,0.0,0.25469,0.0,0.05634,0.08338,1.0,0.09105,0.0,0.0,0.09914,0.0,0.0,0.0,0.0,0.09531,0.0,0.0,0.0,0.0,0.0,0.20057,0.0,0.0,0.08654,0.0,0.0,0.0,0.1601,0.0,0.0,0.0,0.0,0.15772,0.74844,0.0,0.0,0.0,0.15772,0.0,0.15772,0.0,0.0,0.0,0.05634,0.0,0.10544,0.0,0.0,0.0,0.0,0.09914,0.0,0.09781,0.0,0.0,0.0,0.0,0.0,0.1254,0.0,0.08715,0.0,0.0,0.0,0.0902,0.0,0.0,0.0,0.0
0.0,0.0,0.12514,0.0,0.08145,0.0,0.10009,0.31608,0.0,0.07428,0.15405,0.07147,0.0,0.42128,0.0,0.59004,0.0,0.0,0.52084,0.09644,0.0,0.26943,0.0,0.23532,0.286,0.09105,1.0,0.0,0.0,0.39326,0.0,0.0,0.0,0.0,0.36421,0.0,0.0,0.0,0.0,0.0,0.10043,0.0,0.0,0.22088,0.0,0.0,0.0,0.13349,0.0,0.0,0.0,0.0,0.13021,0.08085,0.0,0.0,0.0,0.52084,0.0,0.52084,0.0,0.0,0.0,0.23532,0.0,0.35798,0.0,0.0,0.0,0.0,0.0,0.0,0.06473,0.0,0.0,0.0,0.0,0.0,0.09134,0.0,0.61785,0.0,0.0,0.0,0.32864,0.0,0.0,0.0,0.0
0.0,0.0,0.0,0.0,0.0,0.42098,0.0,0.0,0.10545,0.0,0.1,0.0,0.0,0.0,0.23016,0.0,0.0,0.0,0.0,0.0,0.0,0.0,0.11636,0.0,0.0,0.0,0.0,1.0,0.0,0.0,0.0,0.0,0.0,0.0,0.0,0.0,0.0,0.0,0.0,0.0,0.0,0.0,0.0,0.0,0.0,0.0,0.0,0.0,0.0,0.0,0.0,0.0,0.08938,0.0,0.0,0.15997,0.0,0.0,0.0,0.0,0.0,0.0,0.0,0.0,0.0,0.0,0.0,0.0,0.0,0.0,0.0,0.0,0.0,0.0,0.0,0.0,0.0,0.0,0.0,0.0,0.0,0.0,0.0,0.0,0.0,0.0,0.0,0.0,0.0
0.0,0.0,0.19043,0.0,0.13524,0.0,0.0,0.0,0.0,0.0,0.0,0.0,0.0,0.0,0.0,0.0,0.0,0.0,0.0,0.0,0.0,0.0,0.0,0.0,0.0,0.0,0.0,0.0,1.0,0.0,0.0,0.0,0.17427,0.0,0.0,0.0,0.0,0.0,0.0,0.0,0.0,0.0,0.0,0.0,0.0,0.0,0.0,0.0,0.0,0.0,0.0,0.0,0.0,0.0,0.0,0.0,0.0,0.0,0.0,0.0,0.0,0.0,0.0,0.0,0.0,0.0,0.0,0.0,0.0,0.0,0.0,0.0,0.0,0.0,0.0,0.0,0.0,0.0,0.0,0.0,0.0,0.0,0.0,0.0,0.0,0.0,0.0,0.0,0.0
0.0,0.0,0.14096,0.0,0.08787,0.0,0.10996,0.23271,0.0,0.07958,0.17875,0.07637,0.0,0.18229,0.0,0.26396,0.0,0.0,0.29486,0.10558,0.0,0.11325,0.0,0.16876,0.32808,0.09914,0.39326,0.0,0.0,1.0,0.0,0.0,0.0,0.0,0.43532,0.0,0.0,0.0,0.0,0.0,0.11038,0.0,0.0,0.1162,0.0,0.0,0.0,0.15165,0.0,0.0,0.0,0.0,0.14743,0.08717,0.0,0.0,0.0,0.29486,0.0,0.29486,0.0,0.0,0.0,0.16876,0.0,0.15302,0.0,0.0,0.0,0.0,0.0,0.0,0.06872,0.0,0.0,0.0,0.0,0.0,0.09949,0.0,0.35861,0.0,0.0,0.0,0.38545,0.0,0.0,0.0,0.0
0.0,0.0,0.0,0.0,0.0,0.0,0.0,0.0,0.0,0.0,0.0,0.0,0.0,0.0,0.0,0.0,0.0,0.0,0.0,0.0,0.0,0.0,0.0,0.0,0.0,0.0,0.0,0.0,0.0,0.0,1.0,0.0,0.0,0.0,0.0,0.0,0.0,0.0,0.0,0.0,0.0,0.0,0.0,0.0,0.0,0.0,0.0,0.0,0.0,0.0,0.0,0.0,0.0,0.0,0.0,0.0,0.0,0.0,0.0,0.0,0.0,0.0,0.0,0.0,0.0,0.0,0.0,0.0,0.0,0.0,0.0,0.0,0.0,0.0,0.0,0.0,0.0,0.0,0.0,0.0,0.0,0.0,0.0,0.0,0.0,0.0,0.0,0.0,0.0
0.0,0.0,0.0,0.0,0.0,0.0,0.0,0.0,0.0,0.0,0.0,0.0,0.0,0.0,0.0,0.0,0.0,0.0,0.0,0.0,0.0,0.0,0.0,0.0,0.0,0.0,0.0,0.0,0.0,0.0,0.0,1.0,0.0,0.0,0.0,0.0,0.21766,0.0,0.0,0.0,0.0,0.0,0.0,0.0,0.0,0.0,0.0,0.0,0.0,0.0,0.17677,0.0,0.0,0.0,0.0,0.07691,0.0,0.0,0.0,0.0,0.0,0.0,0.0,0.0,0.0,0.0,0.0,0.0,0.0,0.26814,0.0,0.23078,0.0,0.0,0.0,0.0,0.0,0.0,0.0,0.0,0.0,0.0,0.0,0.0,0.0,0.0,0.0,0.0,0.0
0.0,0.0,0.18225,0.0,0.13107,0.0,0.0,0.0,0.0,0.0,0.0,0.0,0.0,0.0,0.0,0.0,0.0,0.0,0.0,0.0,0.0,0.0,0.0,0.0,0.0,0.0,0.0,0.0,0.17427,0.0,0.0,0.0,1.0,0.0,0.0,0.0,0.0,0.0,0.0,0.0,0.0,0.0,0.0,0.0,0.0,0.0,0.0,0.0,0.0,0.0,0.0,0.0,0.0,0.0,0.0,0.0,0.0,0.0,0.0,0.0,0.0,0.0,0.0,0.0,0.0,0.0,0.0,0.0,0.0,0.0,0.0,0.0,0.0,0.0,0.0,0.0,0.0,0.0,0.0,0.0,0.0,0.0,0.0,0.0,0.0,0.0,0.0,0.0,0.0
0.0,0.0,0.0,0.0,0.0,0.0,0.0,0.0,0.0,0.0,0.0,0.0,0.0,0.0,0.0,0.0,0.0,0.0,0.0,0.0,0.0,0.0,0.0,0.0,0.0,0.0,0.0,0.0,0.0,0.0,0.0,0.0,0.0,1.0,0.0,0.0,0.13731,0.14743,0.0,0.3343,0.0,0.0,0.0,0.0,0.0,0.0,0.0,0.0,0.25,0.0,0.0955,0.0,0.0,0.0,0.0,0.0,0.5,0.0,0.14739,0.0,0.0,0.0,0.0,0.0,0.0,0.0,0.66667,0.0,0.0,0.0,0.0,0.0,0.0,0.2711,0.0,0.0,0.22308,0.0,0.0,0.0,0.0,0.0,0.0,0.0,0.0,0.0,0.0,0.0,0.0
0.0,0.0,0.13333,0.0,0.08485,0.0,0.10526,0.22222,0.0,0.07709,0.16667,0.07407,0.0,0.17579,0.0,0.25054,0.0,0.0,0.27822,0.10124,0.0,0.1107,0.0,0.16317,0.30761,0.09531,0.36421,0.0,0.0,0.43532,0.0,0.0,0.0,0.0,1.0,0.0,0.0,0.0,0.0,0.0,0.10565,0.0,0.0,0.11352,0.0,0.0,0.0,0.14286,0.0,0.0,0.0,0.0,0.13911,0.08419,0.0,0.0,0.0,0.27822,0.0,0.27822,0.0,0.0,0.0,0.16317,0.0,0.14841,0.0,0.0,0.0,0.0,0.0,0.0,0.06686,0.0,0.0,0.0,0.0,0.0,0.09563,0.0,0.3343,0.0,0.0,0.0,0.89376,0.0,0.0,0.0,0.0
0.0,0.0,0.0,0.0,0.0,0.0,0.0,0.0,0.0,0.0,0.0,0.0,0.0,0.0,0.0,0.0,0.0,0.0,0.0,0.0,0.0,0.0,0.0,0.0,0.0,0.0,0.0,0.0,0.0,0.0,0.0,0.0,0.0,0.0,0.0,1.0,0.0,0.0,0.0,0.0,0.0,0.0,0.0,0.0,0.0,0.0,0.0,0.0,0.0,0.0,0.0,0.0,0.0,0.0,0.0,0.0,0.0,0.0,0.0,0.0,0.0,0.0,0.0,0.0,0.0,0.0,0.0,0.0,0.0,0.0,0.0,0.0,0.0,0.0,0.0,0.0,0.0,0.0,0.0,0.0,0.0,0.0,0.0,0.0,0.0,0.0,0.0,0.0,0.0
0.0,0.0,0.0,0.0,0.0,0.0,0.0,0.0,0.0,0.0,0.0,0.0,0.0,0.0,0.0,0.0,0.0,0.0,0.0,0.0,0.0,0.0,0.0,0.0,0.0,0.0,0.0,0.0,0.0,0.0,0.0,0.21766,0.0,0.13731,0.0,0.0,1.0,0.15307,0.0,0.21565,0.0,0.0,0.0,0.0,0.0,0.0,0.0,0.0,0.1945,0.0,0.53716,0.0,0.0,0.0,0.0,0.07821,0.24146,0.0,0.15305,0.0,0.0,0.0,0.0,0.0,0.0,0.0,0.12848,0.0,0.0,0.27343,0.0,0.23469,0.0,0.10028,0.0,0.0,0.09289,0.0,0.0,0.0,0.0,0.0,0.0,0.0,0.0,0.0,0.0,0.0,0.0
0.0,0.0,0.0,0.0,0.0,0.0,0.0,0.0,0.0,0.0,0.0,0.0,0.0,0.0,0.0,0.0,0.0,0.0,0.0,0.0,0.0,0.0,0.0,0.0,0.0,0.0,0.0,0.0,0.0,0.0,0.0,0.0,0.0,0.14743,0.0,0.0,0.15307,1.0,0.0,0.45587,0.0,0.0,0.0,0.0,0.0,0.0,0.0,0.0,0.51109,0.0,0.18456,0.0,0.0,0.0,0.0,0.0,0.25697,0.0,0.15914,0.0,0.0,0.0,0.0,0.0,0.0,0.0,0.27461,0.0,0.0,0.0,0.0,0.0,0.0,0.21116,0.0,0.0,0.19482,0.0,0.0,0.0,0.0,0.0,0.0,0.0,0.0,0.0,0.0,0.0,0.0
0.0,0.0,0.0,0.0,0.0,0.0,0.09105,0.0,0.0,0.0,0.0,0.0,0.0,0.0,0.0,0.0,0.0,0.0,0.0,0.0,0.0,0.0,0.0,0.0,0.0,0.0,0.0,0.0,0.0,0.0,0.0,0.0,0.0,0.0,0.0,0.0,0.0,0.0,1.0,0.0,0.0,0.0,0.0,0.0,0.0,0.0,0.0,0.0,0.0,0.85927,0.0,0.0,0.0,0.0,0.0,0.0,0.0,0.0,0.19479,0.0,0.0,0.0,0.0,0.0,0.0,0.06685,0.0,0.0,0.0,0.0,0.0,0.0,0.0,0.0,0.0,0.0,0.0,0.0,0.0,0.0,0.0,0.0,0.0,0.0,0.0,0.0,0.0,0.0,0.0
0.0,0.0,0.0,0.0,0.0,0.0,0.0,0.0,0.0,0.0,0.0,0.0,0.0,0.0,0.0,0.0,0.0,0.0,0.0,0.0,0.0,0.0,0.0,0.0,0.0,0.0,0.0,0.0,0.0,0.0,0.0,0.0,0.0,0.3343,0.0,0.0,0.21565,0.45587,0.0,1.0,0.0,0.0,0.0,0.0,0.0,0.0,0.0,0.0,0.33382,0.0,0.24071,0.0,0.0,0.0,0.0,0.0,0.50108,0.0,0.22789,0.0,0.0,0.0,0.0,0.0,0.0,0.0,0.28642,0.0,0.0,0.0,0.0,0.0,0.0,0.17606,0.0,0.0,0.15447,0.0,0.0,0.0,0.0,0.0,0.0,0.0,0.0,0.0,0.0,0.0,0.0
0.0,0.0,0.16715,0.0,0.12307,0.0,0.14321,0.07426,0.0,0.28674,0.19111,0.11133,0.0,0.12624,0.05604,0.16067,0.0,0.0,0.17161,0.13944,0.0,0.22191,0.0,0.0598,0.09118,0.20057,0.10043,0.0,0.0,0.11038,0.0,0.0,0.0,0.0,0.10565,0.0,0.0,0.0,0.0,0.0,1.0,0.0,0.0,0.09057,0.0,0.0,0.0,0.17444,0.0,0.0,0.0,0.0,0.17161,0.18357,0.0,0.0,0.0,0.17161,0.0,0.17161,0.0,0.0,0.0,0.0598,0.0,0.11147,0.0,0.0,0.0,0.0,0.0,0.0,0.10298,0.0,0.0,0.0,0.0,0.0,0.13403,0.0,0.09571,0.0,0.0,0.0,0.09941,0.0,0.0,0.0,0.0
0.0,0.0,0.0,0.0,0.0,0.0,0.0,0.0,0.0,0.0,0.0,0.0,0.0,0.0,0.0,0.0,0.0,0.0,0.0,0.0,0.0,0.0,0.0,0.0,0.0,0.0,0.0,0.0,0.0,0.0,0.0,0.0,0.0,0.0,0.0,0.0,0.0,0.0,0.0,0.0,0.0,1.0,0.0,0.0,0.0,0.0,0.0,0.0,0.0,0.0,0.0,0.0,0.0,0.0,0.0,0.0,0.0,0.0,0.0,0.0,0.0,0.0,0.0,0.0,0.0,0.0,0.0,0.0,0.0,0.0,0.0,0.0,0.0,0.0,0.0,0.0,0.0,0.0,0.0,0.0,0.0,0.0,0.0,0.0,0.0,0.0,0.0,0.0,0.0
0.0,0.0,0.0,0.0,0.0,0.0,0.0,0.0,0.0,0.0,0.0,0.0,0.0,0.0,0.0,0.0,0.0,0.0,0.0,0.0,0.0,0.0,0.0,0.0,0.0,0.0,0.0,0.0,0.0,0.0,0.0,0.0,0.0,0.0,0.0,0.0,0.0,0.0,0.0,0.0,0.0,0.0,1.0,0.0,0.0,0.0,0.0,0.0,0.0,0.0,0.0,0.0,0.0,0.0,0.0,0.0,0.0,0.0,0.0,0.0,0.0,0.0,0.0,0.0,0.0,0.0,0.0,0.0,0.0,0.0,0.0,0.0,0.0,0.0,0.0,0.0,0.0,0.0,0.0,0.0,0.0,0.0,0.0,0.0,0.0,0.0,0.0,0.0,0.0
0.0,0.0,0.09941,0.0,0.08196,0.0,0.22606,0.13877,0.0,0.07816,0.10742,0.34459,0.0,0.3334,0.0,0.24271,0.0,0.0,0.35341,0.40008,0.0,0.16295,0.0,0.1206,0.1046,0.08654,0.22088,0.0,0.0,0.1162,0.0,0.0,0.0,0.0,0.11352,0.0,0.0,0.0,0.0,0.0,0.09057,0.0,0.0,1.0,0.0,0.0,0.04784,0.25487,0.0,0.0,0.0,0.0,0.10098,0.08165,0.0,0.0,0.0,0.35341,0.0,0.35341,0.0,0.0,0.0,0.1206,0.0,0.22994,0.0,0.0,0.09345,0.0,0.0,0.0,0.32639,0.0,0.0581,0.0,0.0,0.0,0.68965,0.0,0.21505,0.0,0.0,0.0,0.10982,0.0,0.0,0.0,0.0
0.0,0.0,0.0,0.0,0.0,0.0,0.0,0.0,0.0,0.0,0.0,0.0,0.0,0.0,0.0,0.0,0.0,0.0,0.0,0.0,0.0,0.0,0.0,0.0,0.0,0.0,0.0,0.0,0.0,0.0,0.0,0.0,0.0,0.0,0.0,0.0,0.0,0.0,0.0,0.0,0.0,0.0,0.0,0.0,1.0,0.0,0.0,0.0,0.0,0.0,0.0,0.0,0.0,0.0,0.0,0.0,0.0,0.0,0.0,0.0,0.0,0.0,0.0,0.0,0.0,0.0,0.0,0.0,0.0,0.0,0.0,0.0,0.0,0.0,0.0,0.0,0.0,0.0,0.0,0.0,0.0,0.0,0.0,0.0,0.0,0.0,0.0,0.0,0.0
0.0,0.0,0.0,0.0,0.0,0.0,0.0,0.0,0.0,0.0,0.0,0.0,0.0,0.0,0.0,0.0,0.0,0.0,0.0,0.0,0.0,0.0,0.0,0.0,0.0,0.0,0.0,0.0,0.0,0.0,0.0,0.0,0.0,0.0,0.0,0.0,0.0,0.0,0.0,0.0,0.0,0.0,0.0,0.0,0.0,1.0,0.0,0.0,0.0,0.0,0.0,0.0,0.0,0.0,0.0,0.0,0.0,0.0,0.0,0.0,0.0,0.0,0.0,0.0,0.0,0.0,0.0,0.0,0.0,0.0,0.0,0.0,0.0,0.0,0.0,0.0,0.0,0.0,0.0,0.0,0.0,0.0,0.0,0.0,0.0,0.0,0.0,0.0,0.0
0.0,0.0,0.0,0.0,0.0,0.0,0.07822,0.0,0.0,0.0,0.0,0.05958,0.0,0.13641,0.0,0.0,0.0,0.0,0.0,0.07598,0.0,0.0,0.0,0.0,0.0,0.0,0.0,0.0,0.0,0.0,0.0,0.0,0.0,0.0,0.0,0.0,0.0,0.0,0.0,0.0,0.0,0.0,0.0,0.04784,0.0,0.0,1.0,0.19447,0.0,0.0,0.0,0.0,0.0,0.0,0.0,0.0,0.0,0.0,0.0,0.0,0.0,0.0,0.0,0.0,0.0,0.0,0.0,0.0,0.08286,0.0,0.0,0.0,0.05482,0.0,0.25384,0.0,0.0,0.0,0.07277,0.0,0.0,0.0,0.0,0.0,0.0,0.0,0.0,0.0,0.0
0.0,0.0,0.21053,0.0,0.14508,0.0,0.43479,0.09091,0.0,0.13359,0.25001,0.32259,0.0,0.67276,0.0,0.20035,0.0,0.0,0.21767,0.42098,0.0,0.09967,0.0,0.07014,0.11763,0.1601,0.13349,0.0,0.0,0.15165,0.0,0.0,0.0,0.0,0.14286,0.0,0.0,0.0,0.0,0.0,0.17444,0.0,0.0,0.25487,0.0,0.0,0.19447,1.0,0.0,0.0,0.0,0.0,0.21766,0.14412,0.0,0.0,0.0,0.21767,0.0,0.21767,0.0,0.0,0.0,0.07014,0.0,0.12923,0.0,0.0,0.09273,0.0,0.0,0.0,0.29487,0.0,0.30331,0.0,0.0,0.0,0.4014,0.0,0.12527,0.0,0.0,0.0,0.13168,0.0,0.0,0.0,0.0
0.0,0.0,0.0,0.0,0.0,0.0,0.0,0.0,0.0,0.0,0.0,0.0,0.0,0.0,0.0,0.0,0.0,0.0,0.0,0.0,0.0,0.0,0.0,0.0,0.0,0.0,0.0,0.0,0.0,0.0,0.0,0.0,0.0,0.25,0.0,0.0,0.1945,0.51109,0.0,0.33382,0.0,0.0,0.0,0.0,0.0,0.0,0.0,0.0,1.0,0.0,0.14846,0.0,0.0,0.0,0.0,0.0,0.4,0.0,0.2044,0.0,0.0,0.0,0.0,0.0,0.0,0.0,0.44444,0.0,0.0,0.0,0.0,0.0,0.0,0.29902,0.0,0.0,0.26729,0.0,0.0,0.0,0.0,0.0,0.0,0.0,0.0,0.0,0.0,0.0,0.0
0.0,0.0,0.0,0.0,0.0,0.0,0.1,0.0,0.0,0.0,0.0,0.0,0.0,0.0,0.0,0.0,0.0,0.0,0.0,0.0,0.0,0.0,0.0,0.0,0.0,0.0,0.0,0.0,0.0,0.0,0.0,0.0,0.0,0.0,0.0,0.0,0.0,0.0,0.85927,0.0,0.0,0.0,0.0,0.0,0.0,0.0,0.0,0.0,0.0,1.0,0.0,0.0,0.0,0.0,0.0,0.0,0.0,0.0,0.21541,0.0,0.0,0.0,0.0,0.0,0.0,0.07155,0.0,0.0,0.0,0.0,0.0,0.0,0.0,0.0,0.0,0.0,0.0,0.0,0.0,0.0,0.0,0.0,0.0,0.0,0.0,0.0,0.0,0.0,0.0
0.0,0.0,0.0,0.0,0.0,0.0,0.0,0.0,0.0,0.0,0.0,0.0,0.0,0.0,0.0,0.0,0.0,0.0,0.0,0.0,0.0,0.0,0.0,0.0,0.0,0.0,0.0,0.0,0.0,0.0,0.0,0.17677,0.0,0.0955,0.0,0.0,0.53716,0.18456,0.0,0.24071,0.0,0.0,0.0,0.0,0.0,0.0,0.0,0.0,0.14846,0.0,1.0,0.0,0.0,0.0,0.0,0.0626,0.17434,0.0,0.12303,0.0,0.0,0.0,0.0,0.0,0.0,0.0,0.09114,0.0,0.0,0.21186,0.0,0.18784,0.0,0.07599,0.0,0.0,0.07166,0.0,0.0,0.0,0.0,0.0,0.0,0.0,0.0,0.0,0.0,0.0,0.0
0.0,0.0,0.0,0.0,0.0,0.0,0.0,0.0,0.0,0.0,0.0,0.0,0.0,0.0,0.0,0.0,0.0,0.0,0.0,0.0,0.0,0.0,0.0,0.0,0.0,0.0,0.0,0.0,0.0,0.0,0.0,0.0,0.0,0.0,0.0,0.0,0.0,0.0,0.0,0.0,0.0,0.0,0.0,0.0,0.0,0.0,0.0,0.0,0.0,0.0,0.0,1.0,0.0,0.0,0.0,0.0,0.0,0.0,0.0,0.0,0.0,0.0,0.0,0.0,0.0,0.0,0.0,0.0,0.0,0.0,0.0,0.0,0.0,0.0,0.0,0.0,0.0,0.0,0.0,0.0,0.0,0.0,0.0,0.0,0.0,0.0,0.0,0.0,0.0
0.0,0.0,0.20643,0.0,0.14312,0.13003,0.17111,0.08938,0.26071,0.13192,0.85484,0.12748,0.0,0.14743,0.06424,0.19663,0.0,0.0,0.21328,0.16575,0.0,0.09874,0.0,0.06922,0.11507,0.15772,0.13021,0.08938,0.0,0.14743,0.0,0.0,0.0,0.0,0.13911,0.0,0.0,0.0,0.0,0.0,0.17161,0.0,0.0,0.10098,0.0,0.0,0.0,0.21766,0.0,0.0,0.0,0.0,1.0,0.14219,0.0,0.0,0.0,0.21328,0.0,0.21328,0.0,0.0,0.0,0.06922,0.0,0.12768,0.0,0.0,0.0,0.0,0.0,0.0,0.11665,0.0,0.0,0.0,0.0,0.0,0.15816,0.0,0.12238,0.0,0.0,0.0,0.12848,0.0,0.0,0.0,0.0
0.0,0.0,0.13911,0.0,0.10717,0.0,0.12212,0.06298,0.0,0.30228,0.15531,0.09815,0.0,0.10956,0.09873,0.13459,0.0,0.0,0.14219,0.11937,0.0,0.24054,0.0,0.05226,0.07474,0.74844,0.08085,0.0,0.0,0.08717,0.0,0.0,0.0,0.0,0.08419,0.0,0.0,0.0,0.0,0.0,0.18357,0.0,0.0,0.08165,0.0,0.0,0.0,0.14412,0.0,0.0,0.0,0.0,0.14219,1.0,0.0,0.0,0.0,0.14219,0.0,0.14219,0.0,0.0,0.0,0.05226,0.0,0.09826,0.0,0.0,0.0,0.0,0.08717,0.0,0.0916,0.0,0.0,0.0,0.0,0.0,0.11538,0.0,0.07776,0.0,0.0,0.0,0.08018,0.0,0.0,0.0,0.0
0.0,0.0,0.0,0.0,0.0,0.0,0.0,0.0,0.0,0.0,0.0,0.0,0.0,0.0,0.0,0.0,0.0,0.0,0.0,0.0,0.0,0.0,0.0,0.0,0.0,0.0,0.0,0.0,0.0,0.0,0.0,0.0,0.0,0.0,0.0,0.0,0.0,0.0,0.0,0.0,0.0,0.0,0.0,0.0,0.0,0.0,0.0,0.0,0.0,0.0,0.0,0.0,0.0,0.0,1.0,0.0,0.0,0.0,0.0,0.0,0.0,0.0,0.0,0.0,0.0,0.0,0.0,0.0,0.0,0.0,0.0,0.0,0.0,0.0,0.0,0.0,0.0,0.0,0.0,0.0,0.0,0.0,0.0,0.0,0.0,0.0,0.0,0.0,0.0
0.0,0.0,0.0,0.0,0.0,0.22212,0.0,0.0,0.0,0.0,0.0,0.0,0.0,0.0,0.11847,0.0,0.0,0.0,0.0,0.0,0.0,0.0,0.0,0.0,0.0,0.0,0.0,0.15997,0.0,0.0,0.0,0.07691,0.0,0.0,0.0,0.0,0.07821,0.0,0.0,0.0,0.0,0.0,0.0,0.0,0.0,0.0,0.0,0.0,0.0,0.0,0.0626,0.0,0.0,0.0,0.0,1.0,0.0,0.0,0.0,0.0,0.0,0.0,0.0,0.0,0.0,0.0,0.0,0.0,0.0,0.09812,0.0,0.08332,0.0,0.0,0.0,0.0,0.0,0.0,0.0,0.0,0.0,0.0,0.0,0.0,0.0,0.0,0.0,0.0,0.0
0.0,0.0,0.0,0.0,0.0,0.0,0.0,0.0,0.0,0.0,0.0,0.0,0.0,0.0,0.0,0.0,0.0,0.0,0.0,0.0,0.0,0.0,0.0,0.0,0.0,0.0,0.0,0.0,0.0,0.0,0.0,0.0,0.0,0.5,0.0,0.0,0.24146,0.25697,0.0,0.50108,0.0,0.0,0.0,0.0,0.0,0.0,0.0,0.0,0.4,0.0,0.17434,0.0,0.0,0.0,0.0,0.0,1.0,0.0,0.25691,0.0,0.0,0.0,0.0,0.0,0.0,0.0,0.4,0.0,0.0,0.0,0.0,0.0,0.0,0.21328,0.0,0.0,0.18239,0.0,0.0,0.0,0.0,0.0,0.0,0.0,0.0,0.0,0.0,0.0,0.0
0.0,0.0,0.20643,0.0,0.14312,0.0,0.17111,0.26813,0.0,0.13192,0.24424,0.12748,0.0,0.36857,0.0,0.49158,0.0,0.0,1.0,0.16575,0.0,0.24686,0.0,0.20767,0.23014,0.15772,0.52084,0.0,0.0,0.29486,0.0,0.0,0.0,0.0,0.27822,0.0,0.0,0.0,0.0,0.0,0.17161,0.0,0.0,0.35341,0.0,0.0,0.0,0.21767,0.0,0.0,0.0,0.0,0.21328,0.14219,0.0,0.0,0.0,1.0,0.0,1.0,0.0,0.0,0.0,0.20767,0.0,0.38303,0.0,0.0,0.0,0.0,0.0,0.0,0.11665,0.0,0.0,0.0,0.0,0.0,0.23724,0.0,0.48952,0.0,0.0,0.0,0.25697,0.0,0.0,0.0,0.0
0.0,0.0,0.0,0.0,0.0,0.0,0.07527,0.0,0.0,0.0,0.0,0.0,0.0,0.0,0.0,0.0,0.0,0.0,0.0,0.0,0.0,0.0,0.0,0.0,0.0,0.0,0.0,0.0,0.0,0.0,0.0,0.0,0.0,0.14739,0.0,0.0,0.15305,0.15914,0.19479,0.22789,0.0,0.0,0.0,0.0,0.0,0.0,0.0,0.0,0.2044,0.21541,0.12303,0.0,0.0,0.0,0.0,0.0,0.25691,0.0,1.0,0.0,0.0,0.0,0.0,0.0,0.0,0.05793,0.13727,0.0,0.0,0.0,0.0,0.0,0.0,0.10556,0.0,0.0,0.0974,0.0,0.0,0.0,0.0,0.0,0.0,0.0,0.0,0.0,0.0,0.0,0.0
0.0,0.0,0.20643,0.0,0.14312,0.0,0.17111,0.26813,0.0,0.13192,0.24424,0.12748,0.0,0.36857,0.0,0.49158,0.0,0.0,1.0,0.16575,0.0,0.24686,0.0,0.20767,0.23014,0.15772,0.52084,0.0,0.0,0.29486,0.0,0.0,0.0,0.0,0.27822,0.0,0.0,0.0,0.0,0.0,0.17161,0.0,0.0,0.35341,0.0,0.0,0.0,0.21767,0.0,0.0,0.0,0.0,0.21328,0.14219,0.0,0.0,0.0,1.0,0.0,1.0,0.0,0.0,0.0,0.20767,0.0,0.38303,0.0,0.0,0.0,0.0,0.0,0.0,0.11665,0.0,0.0,0.0,0.0,0.0,0.23724,0.0,0.48952,0.0,0.0,0.0,0.25697,0.0,0.0,0.0,0.0
0.0,0.0,0.0,0.0,0.0,0.0,0.0,0.0,0.0,0.0,0.0,0.0,0.0,0.0,0.0,0.0,0.0,0.0,0.0,0.0,0.0,0.0,0.0,0.0,0.0,0.0,0.0,0.0,0.0,0.0,0.0,0.0,0.0,0.0,0.0,0.0,0.0,0.0,0.0,0.0,0.0,0.0,0.0,0.0,0.0,0.0,0.0,0.0,0.0,0.0,0.0,0.0,0.0,0.0,0.0,0.0,0.0,0.0,0.0,0.0,1.0,0.0,0.0,0.0,0.0,0.0,0.0,0.0,0.0,0.0,0.0,0.0,0.0,0.0,0.0,0.0,0.0,0.0,0.0,0.0,0.0,0.0,0.0,0.0,0.0,0.0,0.0,0.0,0.0
0.0,0.0,0.0,0.0,0.0,0.0,0.0,0.0,0.0,0.0,0.0,0.0,0.0,0.0,0.0,0.0,0.0,0.0,0.0,0.0,0.0,0.0,0.0,0.0,0.0,0.0,0.0,0.0,0.0,0.0,0.0,0.0,0.0,0.0,0.0,0.0,0.0,0.0,0.0,0.0,0.0,0.0,0.0,0.0,0.0,0.0,0.0,0.0,0.0,0.0,0.0,0.0,0.0,0.0,0.0,0.0,0.0,0.0,0.0,0.0,0.0,1.0,0.0,0.0,0.0,0.0,0.0,0.0,0.0,0.0,0.0,0.0,0.0,0.0,0.0,0.0,0.0,0.0,0.0,0.0,0.0,0.0,0.0,0.0,0.0,0.0,0.0,0.0,0.0
0.0,0.0,0.0,0.0,0.0,0.0,0.0,0.0,0.0,0.0,0.0,0.0,0.0,0.0,0.0,0.0,0.0,0.0,0.0,0.0,0.0,0.0,0.0,0.0,0.0,0.0,0.0,0.0,0.0,0.0,0.0,0.0,0.0,0.0,0.0,0.0,0.0,0.0,0.0,0.0,0.0,0.0,0.0,0.0,0.0,0.0,0.0,0.0,0.0,0.0,0.0,0.0,0.0,0.0,0.0,0.0,0.0,0.0,0.0,0.0,0.0,0.0,1.0,0.0,0.0,0.0,0.0,0.0,0.0,0.0,0.0,0.0,0.0,0.0,0.0,0.0,0.0,0.0,0.0,0.0,0.0,0.0,0.0,0.0,0.0,0.0,0.0,0.0,0.0
0.0,0.0,0.06776,0.0,0.05251,0.0,0.05968,0.79965,0.0,0.04943,0.07543,0.04818,0.0,0.16099,0.0,0.19685,0.0,0.0,0.20767,0.05836,0.0,0.11847,0.0,1.0,0.14536,0.05634,0.23532,0.0,0.0,0.16876,0.0,0.0,0.0,0.0,0.16317,0.0,0.0,0.0,0.0,0.0,0.0598,0.0,0.0,0.1206,0.0,0.0,0.0,0.07014,0.0,0.0,0.0,0.0,0.06922,0.05226,0.0,0.0,0.0,0.20767,0.0,0.20767,0.0,0.0,0.0,1.0,0.0,0.1447,0.0,0.0,0.0,0.0,0.0,0.0,0.04502,0.0,0.0,0.0,0.0,0.0,0.05645,0.0,0.22659,0.0,0.0,0.0,0.15562,0.0,0.0,0.0,0.0
0.0,0.0,0.0,0.0,0.0,0.0,0.0,0.0,0.0,0.0,0.0,0.0,0.0,0.0,0.0,0.0,0.0,0.0,0.0,0.0,0.0,0.0,0.0,0.0,0.0,0.0,0.0,0.0,0.0,0.0,0.0,0.0,0.0,0.0,0.0,0.0,0.0,0.0,0.0,0.0,0.0,0.0,0.0,0.0,0.0,0.0,0.0,0.0,0.0,0.0,0.0,0.0,0.0,0.0,0.0,0.0,0.0,0.0,0.0,0.0,0.0,0.0,0.0,0.0,1.0,0.0,0.0,0.0,0.0,0.0,0.0,0.0,0.0,0.0,0.0,0.0,0.0,0.0,0.0,0.0,0.0,0.0,0.0,0.0,0.0,0.0,0.0,0.0,0.0
0.0,0.0,0.12519,0.0,0.09871,0.0,0.27815,0.17166,0.0,0.09325,0.13816,0.09101,0.0,0.30222,0.0,0.36455,0.0,0.0,0.38303,0.10897,0.0,0.22606,0.0,0.1447,0.13353,0.10544,0.35798,0.0,0.0,0.15302,0.0,0.0,0.0,0.0,0.14841,0.0,0.0,0.0,0.06685,0.0,0.11147,0.0,0.0,0.22994,0.0,0.0,0.0,0.12923,0.0,0.07155,0.0,0.0,0.12768,0.09826,0.0,0.0,0.0,0.38303,0.05793,0.38303,0.0,0.0,0.0,0.1447,0.0,1.0,0.0,0.0,0.0,0.0,0.0,0.0,0.08535,0.0,0.0,0.0,0.0,0.0,0.15846,0.0,0.27665,0.0,0.0,0.0,0.14214,0.0,0.0,0.0,0.0
0.0,0.0,0.0,0.0,0.0,0.0,0.0,0.0,0.0,0.0,0.0,0.0,0.0,0.0,0.0,0.0,0.0,0.0,0.0,0.0,0.0,0.0,0.0,0.0,0.0,0.0,0.0,0.0,0.0,0.0,0.0,0.0,0.0,0.66667,0.0,0.0,0.12848,0.27461,0.0,0.28642,0.0,0.0,0.0,0.0,0.0,0.0,0.0,0.0,0.44444,0.0,0.09114,0.0,0.0,0.0,0.0,0.0,0.4,0.0,0.13727,0.0,0.0,0.0,0.0,0.0,0.0,0.0,1.0,0.0,0.0,0.0,0.0,0.0,0.0,0.47748,0.0,0.0,0.4014,0.0,0.0,0.0,0.0,0.0,0.0,0.0,0.0,0.0,0.0,0.0,0.0
0.0,0.0,0.0,0.0,0.0,0.0,0.0,0.0,0.0,0.0,0.0,0.0,0.0,0.0,0.0,0.0,0.0,0.0,0.0,0.0,0.0,0.0,0.0,0.0,0.0,0.0,0.0,0.0,0.0,0.0,0.0,0.0,0.0,0.0,0.0,0.0,0.0,0.0,0.0,0.0,0.0,0.0,0.0,0.0,0.0,0.0,0.0,0.0,0.0,0.0,0.0,0.0,0.0,0.0,0.0,0.0,0.0,0.0,0.0,0.0,0.0,0.0,0.0,0.0,0.0,0.0,0.0,1.0,0.0,0.0,0.0,0.0,0.0,0.0,0.0,0.0,0.0,0.0,0.0,0.0,0.0,0.0,0.0,0.0,0.0,0.0,0.0,0.0,0.0
0.0,0.0,0.0,0.0,0.0,0.0,0.07528,0.0,0.0,0.0,0.0,0.23143,0.0,0.06596,0.0,0.0,0.0,0.0,0.0,0.1464,0.0,0.0,0.0,0.0,0.0,0.0,0.0,0.0,0.0,0.0,0.0,0.0,0.0,0.0,0.0,0.0,0.0,0.0,0.0,0.0,0.0,0.0,0.0,0.09345,0.0,0.0,0.08286,0.09273,0.0,0.0,0.0,0.0,0.0,0.0,0.0,0.0,0.0,0.0,0.0,0.0,0.0,0.0,0.0,0.0,0.0,0.0,0.0,0.0,1.0,0.0,0.0,0.0,0.21344,0.0,0.11936,0.0,0.0,0.0,0.14044,0.0,0.0,0.0,0.0,0.0,0.0,0.0,0.0,0.0,0.0
0.0,0.0,0.0,0.0,0.0,0.0,0.0,0.0,0.0,0.0,0.0,0.0,0.0,0.0,0.0,0.0,0.0,0.0,0.0,0.0,0.0,0.0,0.0,0.0,0.0,0.0,0.0,0.0,0.0,0.0,0.0,0.26814,0.0,0.0,0.0,0.0,0.27343,0.0,0.0,0.0,0.0,0.0,0.0,0.0,0.0,0.0,0.0,0.0,0.0,0.0,0.21186,0.0,0.0,0.0,0.0,0.09812,0.0,0.0,0.0,0.0,0.0,0.0,0.0,0.0,0.0,0.0,0.0,0.0,0.0,1.0,0.0,0.39261,0.0,0.0,0.0,0.0,0.0,0.0,0.0,0.0,0.0,0.0,0.0,0.0,0.0,0.0,0.0,0.0,0.0
0.0,0.0,0.0,0.0,0.0,0.0,0.0,0.0,0.0,0.07958,0.0,0.0,0.0,0.0,0.07708,0.0,0.0,0.0,0.0,0.0,0.0,0.05662,0.0,0.0,0.0,0.09914,0.0,0.0,0.0,0.0,0.0,0.0,0.0,0.0,0.0,0.0,0.0,0.0,0.0,0.0,0.0,0.0,0.0,0.0,0.0,0.0,0.0,0.0,0.0,0.0,0.0,0.0,0.0,0.08717,0.0,0.0,0.0,0.0,0.0,0.0,0.0,0.0,0.0,0.0,0.0,0.0,0.0,0.0,0.0,0.0,1.0,0.0,0.0,0.0,0.0,0.0,0.0,0.0,0.0,0.0,0.0,0.0,0.0,0.0,0.0,0.0,0.0,0.0,0.0
0.0,0.0,0.0,0.0,0.0,0.0,0.0,0.0,0.0,0.0,0.0,0.0,0.0,0.0,0.0,0.0,0.0,0.0,0.0,0.0,0.0,0.0,0.0,0.0,0.0,0.0,0.0,0.0,0.0,0.0,0.0,0.23078,0.0,0.0,0.0,0.0,0.23469,0.0,0.0,0.0,0.0,0.0,0.0,0.0,0.0,0.0,0.0,0.0,0.0,0.0,0.18784,0.0,0.0,0.0,0.0,0.08332,0.0,0.0,0.0,0.0,0.0,0.0,0.0,0.0,0.0,0.0,0.0,0.0,0.0,0.39261,0.0,1.0,0.0,0.0,0.0,0.0,0.0,0.0,0.0,0.0,0.0,0.0,0.0,0.0,0.0,0.0,0.0,0.0,0.0
0.0,0.0,0.11457,0.0,0.09199,0.0,0.25698,0.05275,0.0,0.08723,0.12534,0.85264,0.0,0.23437,0.0,0.11149,0.0,0.0,0.11665,0.45376,0.0,0.07137,0.0,0.04502,0.06076,0.09781,0.06473,0.0,0.0,0.06872,0.0,0.0,0.0,0.0,0.06686,0.0,0.0,0.0,0.0,0.0,0.10298,0.0,0.0,0.32639,0.0,0.0,0.05482,0.29487,0.0,0.0,0.0,0.0,0.11665,0.0916,0.0,0.0,0.0,0.11665,0.0,0.11665,0.0,0.0,0.0,0.04502,0.0,0.08535,0.0,0.0,0.21344,0.0,0.0,0.0,1.0,0.0,0.06872,0.0,0.0,0.0,0.44089,0.0,0.06274,0.0,0.0,0.0,0.0643,0.0,0.0,0.0,0.0
0.0,0.0,0.0,0.0,0.0,0.0,0.0,0.0,0.0,0.0,0.0,0.0,0.0,0.0,0.0,0.0,0.0,0.0,0.0,0.0,0.0,0.0,0.0,0.0,0.0,0.0,0.0,0.0,0.0,0.0,0.0,0.0,0.0,0.2711,0.0,0.0,0.10028,0.21116,0.0,0.17606,0.0,0.0,0.0,0.0,0.0,0.0,0.0,0.0,0.29902,0.0,0.07599,0.0,0.0,0.0,0.0,0.0,0.21328,0.0,0.10556,0.0,0.0,0.0,0.0,0.0,0.0,0.0,0.47748,0.0,0.0,0.0,0.0,0.0,0.0,1.0,0.0,0.0,0.41834,0.0,0.0,0.0,0.0,0.0,0.0,0.0,0.0,0.0,0.0,0.0,0.0
0.0,0.0,0.0,0.0,0.0,0.0,0.10996,0.0,0.0,0.0,0.0,0.07637,0.0,0.18229,0.0,0.0,0.0,0.0,0.0,0.10558,0.0,0.0,0.0,0.0,0.0,0.0,0.0,0.0,0.0,0.0,0.0,0.0,0.0,0.0,0.0,0.0,0.0,0.0,0.0,0.0,0.0,0.0,0.0,0.0581,0.0,0.0,0.25384,0.30331,0.0,0.0,0.0,0.0,0.0,0.0,0.0,0.0,0.0,0.0,0.0,0.0,0.0,0.0,0.0,0.0,0.0,0.0,0.0,0.0,0.11936,0.0,0.0,0.0,0.06872,0.0,1.0,0.0,0.0,0.0,0.09949,0.0,0.0,0.0,0.0,0.0,0.0,0.0,0.0,0.0,0.0
0.0,0.0,0.0,0.0,0.0,0.0,0.0,0.0,0.0,0.0,0.0,0.0,0.0,0.0,0.0,0.0,0.0,0.0,0.0,0.0,0.0,0.0,0.0,0.0,0.0,0.0,0.0,0.0,0.0,0.0,0.0,0.0,0.0,0.0,0.0,0.0,0.0,0.0,0.0,0.0,0.0,0.0,0.0,0.0,0.0,0.0,0.0,0.0,0.0,0.0,0.0,0.0,0.0,0.0,0.0,0.0,0.0,0.0,0.0,0.0,0.0,0.0,0.0,0.0,0.0,0.0,0.0,0.0,0.0,0.0,0.0,0.0,0.0,0.0,0.0,1.0,0.0,0.0,0.0,0.0,0.0,0.0,0.0,0.0,0.0,0.0,0.0,0.0,0.0
0.0,0.0,0.0,0.0,0.0,0.0,0.0,0.0,0.0,0.0,0.0,0.0,0.0,0.0,0.0,0.0,0.0,0.0,0.0,0.0,0.0,0.0,0.0,0.0,0.0,0.0,0.0,0.0,0.0,0.0,0.0,0.0,0.0,0.22308,0.0,0.0,0.09289,0.19482,0.0,0.15447,0.0,0.0,0.0,0.0,0.0,0.0,0.0,0.0,0.26729,0.0,0.07166,0.0,0.0,0.0,0.0,0.0,0.18239,0.0,0.0974,0.0,0.0,0.0,0.0,0.0,0.0,0.0,0.4014,0.0,0.0,0.0,0.0,0.0,0.0,0.41834,0.0,0.0,1.0,0.0,0.0,0.0,0.0,0.0,0.0,0.0,0.0,0.0,0.0,0.0,0.0
0.0,0.0,0.0,0.0,0.0,0.0,0.0,0.0,0.0,0.0,0.0,0.0,0.0,0.0,0.0,0.0,0.0,0.0,0.0,0.0,0.0,0.0,0.0,0.0,0.0,0.0,0.0,0.0,0.0,0.0,0.0,0.0,0.0,0.0,0.0,0.0,0.0,0.0,0.0,0.0,0.0,0.0,0.0,0.0,0.0,0.0,0.0,0.0,0.0,0.0,0.0,0.0,0.0,0.0,0.0,0.0,0.0,0.0,0.0,0.0,0.0,0.0,0.0,0.0,0.0,0.0,0.0,0.0,0.0,0.0,0.0,0.0,0.0,0.0,0.0,0.0,0.0,1.0,0.0,0.0,0.0,0.0,0.0,0.0,0.0,0.0,0.0,0.0,0.0
0.0,0.0,0.15436,0.0,0.11599,0.0,0.3343,0.06917,0.0,0.10853,0.17457,0.47477,0.0,0.29702,0.0,0.14882,0.0,0.0,0.23724,0.58693,0.0,0.08502,0.0,0.05645,0.08362,0.1254,0.09134,0.0,0.0,0.09949,0.0,0.0,0.0,0.0,0.09563,0.0,0.0,0.0,0.0,0.0,0.13403,0.0,0.0,0.68965,0.0,0.0,0.07277,0.4014,0.0,0.0,0.0,0.0,0.15816,0.11538,0.0,0.0,0.0,0.23724,0.0,0.23724,0.0,0.0,0.0,0.05645,0.0,0.15846,0.0,0.0,0.14044,0.0,0.0,0.0,0.44089,0.0,0.09949,0.0,0.0,0.0,1.0,0.0,0.08742,0.0,0.0,0.0,0.09049,0.0,0.0,0.0,0.0
0.0,0.0,0.0,0.0,0.0,0.0,0.0,0.0,0.0,0.0,0.0,0.0,0.0,0.0,0.0,0.0,0.0,0.0,0.0,0.0,0.0,0.0,0.0,0.0,0.0,0.0,0.0,0.0,0.0,0.0,0.0,0.0,0.0,0.0,0.0,0.0,0.0,0.0,0.0,0.0,0.0,0.0,0.0,0.0,0.0,0.0,0.0,0.0,0.0,0.0,0.0,0.0,0.0,0.0,0.0,0.0,0.0,0.0,0.0,0.0,0.0,0.0,0.0,0.0,0.0,0.0,0.0,0.0,0.0,0.0,0.0,0.0,0.0,0.0,0.0,0.0,0.0,0.0,0.0,1.0,0.0,0.0,0.0,0.0,0.0,0.0,0.0,0.0,0.0
0.0,0.0,0.11789,0.0,0.07832,0.0,0.0954,0.30052,0.0,0.07166,0.14321,0.06905,0.0,0.32363,0.0,0.44616,0.0,0.0,0.48952,0.09208,0.0,0.20999,0.0,0.22659,0.26722,0.08715,0.61785,0.0,0.0,0.35861,0.0,0.0,0.0,0.0,0.3343,0.0,0.0,0.0,0.0,0.0,0.09571,0.0,0.0,0.21505,0.0,0.0,0.0,0.12527,0.0,0.0,0.0,0.0,0.12238,0.07776,0.0,0.0,0.0,0.48952,0.0,0.48952,0.0,0.0,0.0,0.22659,0.0,0.27665,0.0,0.0,0.0,0.0,0.0,0.0,0.06274,0.0,0.0,0.0,0.0,0.0,0.08742,0.0,1.0,0.0,0.0,0.0,0.30409,0.0,0.0,0.0,0.0
0.0,0.0,0.0,0.0,0.0,0.0,0.0,0.0,0.0,0.0,0.0,0.0,0.0,0.0,0.0,0.0,0.0,0.0,0.0,0.0,0.0,0.0,0.0,0.0,0.0,0.0,0.0,0.0,0.0,0.0,0.0,0.0,0.0,0.0,0.0,0.0,0.0,0.0,0.0,0.0,0.0,0.0,0.0,0.0,0.0,0.0,0.0,0.0,0.0,0.0,0.0,0.0,0.0,0.0,0.0,0.0,0.0,0.0,0.0,0.0,0.0,0.0,0.0,0.0,0.0,0.0,0.0,0.0,0.0,0.0,0.0,0.0,0.0,0.0,0.0,0.0,0.0,0.0,0.0,0.0,0.0,1.0,0.0,0.0,0.0,0.0,0.0,0.0,0.0
0.0,0.0,0.0,0.0,0.0,0.0,0.0,0.0,0.0,0.0,0.0,0.0,0.0,0.0,0.0,0.0,0.0,0.0,0.0,0.0,0.0,0.0,0.0,0.0,0.0,0.0,0.0,0.0,0.0,0.0,0.0,0.0,0.0,0.0,0.0,0.0,0.0,0.0,0.0,0.0,0.0,0.0,0.0,0.0,0.0,0.0,0.0,0.0,0.0,0.0,0.0,0.0,0.0,0.0,0.0,0.0,0.0,0.0,0.0,0.0,0.0,0.0,0.0,0.0,0.0,0.0,0.0,0.0,0.0,0.0,0.0,0.0,0.0,0.0,0.0,0.0,0.0,0.0,0.0,0.0,0.0,0.0,1.0,0.0,0.0,0.0,0.0,0.0,0.0
0.0,0.0,0.0,0.0,0.0,0.0,0.0,0.0,0.0,0.0,0.0,0.0,0.0,0.0,0.0,0.0,0.0,0.0,0.0,0.0,0.0,0.0,0.0,0.0,0.0,0.0,0.0,0.0,0.0,0.0,0.0,0.0,0.0,0.0,0.0,0.0,0.0,0.0,0.0,0.0,0.0,0.0,0.0,0.0,0.0,0.0,0.0,0.0,0.0,0.0,0.0,0.0,0.0,0.0,0.0,0.0,0.0,0.0,0.0,0.0,0.0,0.0,0.0,0.0,0.0,0.0,0.0,0.0,0.0,0.0,0.0,0.0,0.0,0.0,0.0,0.0,0.0,0.0,0.0,0.0,0.0,0.0,0.0,1.0,0.0,0.0,0.0,0.0,0.0
0.0,0.0,0.12354,0.0,0.08078,0.0,0.09907,0.20846,0.0,0.07371,0.15164,0.07095,0.0,0.16706,0.0,0.23318,0.0,0.0,0.25697,0.09549,0.0,0.10718,0.0,0.15562,0.28185,0.0902,0.32864,0.0,0.0,0.38545,0.0,0.0,0.0,0.0,0.89376,0.0,0.0,0.0,0.0,0.0,0.09941,0.0,0.0,0.10982,0.0,0.0,0.0,0.13168,0.0,0.0,0.0,0.0,0.12848,0.08018,0.0,0.0,0.0,0.25697,0.0,0.25697,0.0,0.0,0.0,0.15562,0.0,0.14214,0.0,0.0,0.0,0.0,0.0,0.0,0.0643,0.0,0.0,0.0,0.0,0.0,0.09049,0.0,0.30409,0.0,0.0,0.0,1.0,0.0,0.0,0.0,0.0
0.0,0.0,0.0,0.0,0.0,0.0,0.0,0.0,0.0,0.0,0.0,0.0,0.0,0.0,0.0,0.0,0.0,0.0,0.0,0.0,0.0,0.0,0.0,0.0,0.0,0.0,0.0,0.0,0.0,0.0,0.0,0.0,0.0,0.0,0.0,0.0,0.0,0.0,0.0,0.0,0.0,0.0,0.0,0.0,0.0,0.0,0.0,0.0,0.0,0.0,0.0,0.0,0.0,0.0,0.0,0.0,0.0,0.0,0.0,0.0,0.0,0.0,0.0,0.0,0.0,0.0,0.0,0.0,0.0,0.0,0.0,0.0,0.0,0.0,0.0,0.0,0.0,0.0,0.0,0.0,0.0,0.0,0.0,0.0,0.0,1.0,0.0,0.0,0.0
0.0,0.0,0.0,0.0,0.0,0.0,0.0,0.0,0.0,0.0,0.0,0.0,0.0,0.0,0.0,0.0,0.0,0.0,0.0,0.0,0.0,0.0,0.0,0.0,0.0,0.0,0.0,0.0,0.0,0.0,0.0,0.0,0.0,0.0,0.0,0.0,0.0,0.0,0.0,0.0,0.0,0.0,0.0,0.0,0.0,0.0,0.0,0.0,0.0,0.0,0.0,0.0,0.0,0.0,0.0,0.0,0.0,0.0,0.0,0.0,0.0,0.0,0.0,0.0,0.0,0.0,0.0,0.0,0.0,0.0,0.0,0.0,0.0,0.0,0.0,0.0,0.0,0.0,0.0,0.0,0.0,0.0,0.0,0.0,0.0,0.0,1.0,0.0,0.0
0.0,0.0,0.0,0.0,0.0,0.0,0.0,0.0,0.0,0.0,0.0,0.0,0.0,0.0,0.0,0.0,0.0,0.0,0.0,0.0,0.0,0.0,0.0,0.0,0.0,0.0,0.0,0.0,0.0,0.0,0.0,0.0,0.0,0.0,0.0,0.0,0.0,0.0,0.0,0.0,0.0,0.0,0.0,0.0,0.0,0.0,0.0,0.0,0.0,0.0,0.0,0.0,0.0,0.0,0.0,0.0,0.0,0.0,0.0,0.0,0.0,0.0,0.0,0.0,0.0,0.0,0.0,0.0,0.0,0.0,0.0,0.0,0.0,0.0,0.0,0.0,0.0,0.0,0.0,0.0,0.0,0.0,0.0,0.0,0.0,0.0,0.0,1.0,0.0
0.0,0.0,0.0,0.0,0.0,0.0,0.0,0.0,0.0,0.0,0.0,0.0,0.0,0.0,0.0,0.0,0.0,0.0,0.0,0.0,0.0,0.0,0.0,0.0,0.0,0.0,0.0,0.0,0.0,0.0,0.0,0.0,0.0,0.0,0.0,0.0,0.0,0.0,0.0,0.0,0.0,0.0,0.0,0.0,0.0,0.0,0.0,0.0,0.0,0.0,0.0,0.0,0.0,0.0,0.0,0.0,0.0,0.0,0.0,0.0,0.0,0.0,0.0,0.0,0.0,0.0,0.0,0.0,0.0,0.0,0.0,0.0,0.0,0.0,0.0,0.0,0.0,0.0,0.0,0.0,0.0,0.0,0.0,0.0,0.0,0.0,0.0,0.0,1.0
